{"model_name": "resnet50_maxpool_pass", "preprocess": null,"test_acc": 0.3333333333333333, "val_acc": 0.34213006597549483, "test_group_acc": 0.7038095238095238, "val_group_acc": 0.6710650329877474, "regularization": null, "noise": null, "bottleneck_size": null, "trained_epochs": null, "batch_size": null};
{"model_name": "vgg16_fc1_pass", "preprocess": null,"test_acc": 0.5371428571428571, "val_acc": 0.528746465598492, "test_group_acc": 0.8380952380952381, "val_group_acc": 0.8171536286522149, "regularization": null, "noise": null, "bottleneck_size": null, "trained_epochs": null, "batch_size": null};
{"model_name": "vgg16_fc1_dae", "preprocess": null,"test_acc": 0.5276190476190477, "val_acc": 0.525918944392083, "test_group_acc": 0.8180952380952381, "val_group_acc": 0.8199811498586239, "regularization": {'l1': 9.999999747378752e-05, 'l2': 0.0}, "noise": 0.3, "bottleneck_size": 1028, "trained_epochs": 0, "batch_size": 128};
{"model_name": "vgg16_fc1_deep_ae", "preprocess": null,"test_acc": 0.540952380952381, "val_acc": 0.5155513666352498, "test_group_acc": 0.8295238095238096, "val_group_acc": 0.8199811498586239, "regularization": null, "noise": null, "bottleneck_size": 1028, "trained_epochs": 1803, "batch_size": 128};
{"model_name": "resnet50_maxpool_dae", "preprocess": null, "test_acc": 0.33714285714285713, "val_acc": 0.3308199811498586, "test_group_acc": 0.6933333333333334, "val_group_acc": 0.6974552309142319, "regularization": {'l1': 9.999999747378752e-05, 'l2': 0.0}, "noise": 0.3, "bottleneck_size": 512, "trained_epochs": 141, "batch_size": 128};
{"model_name": "resnet50_maxpool_deep_ae", "preprocess": null, "test_acc": 0.3238095238095238, "val_acc": 0.3449575871819039, "test_group_acc": 0.6980952380952381, "val_group_acc": 0.6635249764373233, "regularization": null, "noise": null, "bottleneck_size": 512, "trained_epochs": 15, "batch_size": 128};
{"model_name": "vgg16_fc1_pass", "preprocess": "places", "test_acc": 0.7685714285714286, "val_acc": 0.7596606974552309, "test_group_acc": 0.9285714285714286, "val_group_acc": 0.9274269557021678, "regularization": null, "noise": null, "bottleneck_size": null, "trained_epochs": null, "batch_size": null};
{"model_name": "vgg16_fc1_deep_ae_with_preprocess", "preprocess": "places", "test_acc": 0.7752380952380953, "val_acc": 0.764373232799246, "test_group_acc": 0.9142857142857143, "val_group_acc": 0.9340245051837889, "regularization": null, "noise": null, "bottleneck_size": 1028, "trained_epochs": 108, "batch_size": 128};
{"model_name": "vgg16_fc1_dae_with_preprocess", "preprocess": "places", "test_acc": 0.7780952380952381, "val_acc": 0.7832233741753063, "test_group_acc": 0.9152380952380952, "val_group_acc": 0.9283694627709708, "regularization": null, "noise": 0.3, "bottleneck_size": 1028, "trained_epochs": 338, "batch_size": 128};
{"model_name": "vgg16_fc1_deep_dae_with_preprocess", "preprocess": "places", "test_acc": 0.7638095238095238, "val_acc": 0.7530631479736098, "test_group_acc": 0.919047619047619, "val_group_acc": 0.9132893496701225, "regularization": null, "noise": 0.3, "bottleneck_size": 1028, "trained_epochs": 212, "batch_size": 128};
{"model_name": "vgg16_fc1_deeper_ae", "preprocess": "places", "test_acc": 0.7447619047619047, "val_acc": 0.7492931196983977, "test_group_acc": 0.9, "val_group_acc": 0.9151743638077285, "regularization": null, "noise": null, "bottleneck_size": 800, "trained_epochs": 95, "batch_size": 128};
{"model_name": "vgg16_fc1_deeper_dae", "preprocess": "places", "test_acc": 0.74, "val_acc": 0.7351555136663525, "test_group_acc": 0.9085714285714286, "val_group_acc": 0.9038642789820923, "regularization": null, "noise": 0.6, "bottleneck_size": 800, "trained_epochs": 193, "batch_size": 128};
{"model_name": "vgg16_flatten_dae", "preprocess": "places", "test_acc": 0.16380952380952382, "val_acc": 0.17247879359095195, "test_group_acc": 0.5685714285714286, "val_group_acc": 0.6050895381715363, "regularization": {"l1": 9.999999747378752e-05, "l2": 0.0}, "noise": 0.3, "bottleneck_size": 1028, "trained_epochs": 815, "batch_size": 128};
{"model_name": "resnet50_maxpool_dae", "preprocess": "imagenet", "test_acc": 0.34095238095238095, "val_acc": 0.32799245994344955, "test_group_acc": 0.7038095238095238, "val_group_acc": 0.6710650329877474, "regularization": {'l1': 9.999999747378752e-05, 'l2': 0.0}, "noise": 0.3, "bottleneck_size": 512, "trained_epochs": 137, "batch_size": 128};
{"model_name": "resnet50_maxpool_pass", "preprocessing": "imagenet", "test_acc": 0.34476190476190477, "val_acc": 0.35626767200754006, "test_group_acc": 0.6933333333333334, "val_group_acc": 0.6786050895381716, "regularization": null, "noise": null, "bottleneck_size": null, "trained_epochs": null, "batch_size": null};
{"model_name": "resnet50_maxpool_pass", "preprocessing": "places", "test_acc": 0.6438095238095238, "val_acc": 0.6663524976437323, "test_group_acc": 0.9038095238095238, "val_group_acc": 0.8982092365692743, "regularization": null, "noise": null, "bottleneck_size": null, "trained_epochs": null, "batch_size": null};
{"model_name": "vgg16_fc1_pass", "preprocess": "imagenet", "test_acc": 0.539047619047619, "val_acc": 0.5457115928369463, "test_group_acc": 0.8361904761904762, "val_group_acc": 0.8180961357210179, "regularization": null, "noise": null, "bottleneck_size": null, "trained_epochs": null, "batch_size": null};
{"model_name": "vgg16_fc1_dae_with_imagenet", "preprocess": "imagenet", "test_acc": 0.5342857142857143, "val_acc": 0.5541941564561734, "test_group_acc": 0.82, "val_group_acc": 0.8294062205466541, "regularization": null, "noise": 0.3, "bottleneck_size": 1028, "trained_epochs": 0, "batch_size": 128};
{"model_name": "resnet50_maxpool_dae", "preprocess": "places", "test_acc": 0.6504761904761904, "val_acc": 0.6606974552309143, "test_group_acc": 0.9266666666666666, "val_group_acc": 0.9114043355325165, "regularization": null, "noise": 0.3, "bottleneck_size": 512, "trained_epochs": 1232, "batch_size": 128};
{"model_name": "resnet50_maxpool_deep_ae", "preprocess": "places", "test_acc": 0.659047619047619, "val_acc": 0.6540999057492931, "test_group_acc": 0.9257142857142857, "val_group_acc": 0.9293119698397738, "regularization": null, "noise": null, "bottleneck_size": 512, "trained_epochs": 275, "batch_size": 128};
{"model_name": "vgg16_flatten_ddae", "preprocess": "places", "test_acc": 0.68, "val_acc": 0.6540999057492931, "test_group_acc": 0.8914285714285715, "val_group_acc": 0.8963242224316682, "regularization": null, "noise": 0.3, "bottleneck_size": 1568, "trained_epochs": 95, "batch_size": 64};
{"model_name": "vgg16_fc2_deep_dae_with_preprocess", "preprocess": "places", "test_acc": 0.7619047619047619, "val_acc": 0.7342130065975495, "test_group_acc": 0.9352380952380952, "val_group_acc": 0.9321394910461829, "regularization": null, "noise": 0.3, "bottleneck_size": 1028, "trained_epochs": 458, "batch_size": 128};
{"model_name": "vgg16_fc2_deep_dae_with_preprocess-5-3-15-softmax", "preprocess": "places", "test_acc": 0.7342857142857143, "val_acc": 0.6814326107445806, "test_group_acc": 0.9276190476190476, "val_group_acc": 0.94062205466541, "regularization": null, "noise": 0.3, "bottleneck_size": 1600, "trained_epochs": 248, "batch_size": 128};
{"model_name": "vgg16_fc2_deep_dae_with_preprocess-5-3-15-relu", "preprocess": "places", "test_acc": 0.7647619047619048, "val_acc": 0.7238454288407163, "test_group_acc": 0.9342857142857143, "val_group_acc": 0.9330819981149858, "regularization": null, "noise": 0.3, "bottleneck_size": 1600, "trained_epochs": 470, "batch_size": 128};
{"model_name": "vgg16_fc1_ae_with_preprocess", "preprocess": "places", "test_acc": 0.7819047619047619, "val_acc": 0.7728557964184731, "test_group_acc": 0.9371428571428572, "val_group_acc": 0.944392082940622, "regularization": null, "noise": null, "bottleneck_size": 2048, "trained_epochs": 144, "batch_size": 128};
{"model_name": "vgg16_fc1_ae_with_preprocess_2", "preprocess": "places", "test_acc": 0.7780952380952381, "val_acc": 0.765315739868049,